Sample Name,Sample Type,Component Name,IS Name,Actual Conc (ng/mL),Area,IS Area,Area Ratio,Calculated Conc (ng/mL),weight (mg),content (ng/mg)
std-1,Standard,ergo,ergo-d9,1,6.75E+04,7.51E+05,8.99E-02,1.04,,
std-2,Standard,ergo,ergo-d9,2.5,1.49E+05,6.71E+05,2.22E-01,2.80,,
std-3,Standard,ergo,ergo-d9,5,3.03E+05,6.33E+05,4.79E-01,6.25,,
std-4,Standard,ergo,ergo-d9,10,6.94E+05,6.05E+05,1.15E+00,15.22,,
std-5,Standard,ergo,ergo-d9,25,1.16E+06,5.46E+05,2.12E+00,28.29,,
std-6,Standard,ergo,ergo-d9,50,2.63E+06,5.46E+05,4.81E+00,64.33,,
std-7,Standard,ergo,ergo-d9,100,5.03E+06,5.42E+05,9.27E+00,124.10,,
std-8,Standard,ergo,ergo-d9,250,6.94E+06,3.07E+05,2.26E+01,303.00,,
std-9,Standard,ergo,ergo-d9,500,1.15E+07,2.97E+05,3.87E+01,518.60,,
std-10,Standard,ergo,ergo-d9,1000,1.24E+07,1.76E+05,7.02E+01,940.60,,
G96,Unknown,ergo,ergo-d9,N/A,9.59E+05,1.88E+05,5.10E+00,68.22,25.60,5.33
G97,Unknown,ergo,ergo-d9,N/A,3.41E+05,1.04E+05,3.28E+00,43.79,26.60,3.29
G98,Unknown,ergo,ergo-d9,N/A,3.49E+05,1.30E+05,2.67E+00,35.66,27.90,2.56
G99,Unknown,ergo,ergo-d9,N/A,2.74E+05,1.01E+05,2.71E+00,36.16,26.90,2.69
G100,Unknown,ergo,ergo-d9,N/A,3.14E+05,8.95E+04,3.51E+00,46.89,25.70,3.65
G101,Unknown,ergo,ergo-d9,N/A,9.20E+05,1.37E+05,6.71E+00,89.82,25.70,6.99
G102,Unknown,ergo,ergo-d9,N/A,5.67E+05,1.61E+05,3.53E+00,47.11,28.30,3.33
G103,Unknown,ergo,ergo-d9,N/A,2.48E+05,1.33E+05,1.87E+00,24.90,26.00,1.92
G104,Unknown,ergo,ergo-d9,N/A,2.88E+05,1.59E+05,1.81E+00,24.10,25.60,1.88
G105,Unknown,ergo,ergo-d9,N/A,2.07E+05,1.18E+05,1.76E+00,23.39,25.80,1.81
G106,Unknown,ergo,ergo-d9,N/A,5.98E+05,1.37E+05,4.37E+00,58.46,27.70,4.22
G107,Unknown,ergo,ergo-d9,N/A,4.33E+05,6.03E+04,7.18E+00,96.10,29.60,6.49
G-108,Unknown,ergo,ergo-d9,N/A,1.38E+05,5.83E+04,2.37E+00,31.57,30.00,2.10
G-109,Unknown,ergo,ergo-d9,N/A,1.72E+05,7.04E+04,2.45E+00,32.66,28.50,2.29
G-110,Unknown,ergo,ergo-d9,N/A,1.25E+05,5.87E+04,2.13E+00,28.44,28.60,1.99
G-111,Unknown,ergo,ergo-d9,N/A,1.82E+05,6.65E+04,2.74E+00,36.50,27.60,2.64
G-112,Unknown,ergo,ergo-d9,N/A,1.38E+05,7.41E+04,1.86E+00,24.75,28.30,1.75
G-113,Unknown,ergo,ergo-d9,N/A,1.00E+05,6.98E+04,1.44E+00,19.12,27.10,1.41
G-114,Unknown,ergo,ergo-d9,N/A,1.48E+05,4.97E+04,2.97E+00,39.65,28.50,2.78
G-115,Unknown,ergo,ergo-d9,N/A,1.87E+05,5.60E+04,3.34E+00,44.58,29.10,3.06
G-116,Unknown,ergo,ergo-d9,N/A,2.49E+05,7.49E+04,3.32E+00,44.38,28.90,3.07
G-117,Unknown,ergo,ergo-d9,N/A,1.76E+05,7.42E+04,2.37E+00,31.56,26.80,2.36
G-118,Unknown,ergo,ergo-d9,N/A,2.33E+05,9.90E+04,2.35E+00,31.30,26.60,2.35
G-119,Unknown,ergo,ergo-d9,N/A,1.19E+05,6.74E+04,1.77E+00,23.50,29.40,1.60
G-120,Unknown,ergo,ergo-d9,N/A,1.63E+05,9.40E+04,1.74E+00,23.10,26.4,1.75
G-121,Unknown,ergo,ergo-d9,N/A,1.68E+05,5.27E+04,3.18E+00,42.49,27.0,3.15
G-122,Unknown,ergo,ergo-d9,N/A,1.39E+05,4.97E+04,2.80E+00,37.39,27.2,2.75
G-123,Unknown,ergo,ergo-d9,N/A,1.30E+05,4.76E+04,2.73E+00,36.44,28.5,2.56
G-124,Unknown,ergo,ergo-d9,N/A,1.50E+05,4.34E+04,3.46E+00,46.15,28.4,3.25
G-125,Unknown,ergo,ergo-d9,N/A,1.49E+05,4.33E+04,3.44E+00,45.91,28.6,3.21
G-126,Unknown,ergo,ergo-d9,N/A,1.39E+05,4.64E+04,2.99E+00,39.92,27.9,2.86
G-127,Unknown,ergo,ergo-d9,N/A,1.35E+05,4.23E+04,3.19E+00,42.56,27.2,3.13
G-128,Unknown,ergo,ergo-d9,N/A,1.33E+05,3.96E+04,3.35E+00,44.80,28.4,3.15
G-129,Unknown,ergo,ergo-d9,N/A,1.16E+05,3.60E+04,3.24E+00,43.24,27.1,3.19
G-130,Unknown,ergo,ergo-d9,N/A,1.28E+05,3.21E+04,3.97E+00,53.05,28.2,3.76
G-131,Unknown,ergo,ergo-d9,N/A,1.37E+05,3.51E+04,3.90E+00,52.15,27.4,3.81
G-132,Unknown,ergo,ergo-d9,N/A,1.19E+05,1.40E+05,8.48E-01,11.20,27.9,0.80
G-133,Unknown,ergo,ergo-d9,N/A,1.22E+05,6.79E+04,1.80E+00,23.94,28.6,1.67
G-134,Unknown,ergo,ergo-d9,N/A,1.62E+05,8.32E+04,1.95E+00,25.92,26.3,1.97
G-135,Unknown,ergo,ergo-d9,N/A,1.82E+05,8.45E+04,2.15E+00,28.71,27.4,2.10
G-136,Unknown,ergo,ergo-d9,N/A,1.35E+05,6.94E+04,1.95E+00,26.00,26.6,1.95
G-137,Unknown,ergo,ergo-d9,N/A,1.34E+05,6.11E+04,2.20E+00,29.31,25.9,2.26
G-138,Unknown,ergo,ergo-d9,N/A,1.20E+05,5.87E+04,2.05E+00,27.26,27.1,2.01
G-140,Unknown,ergo,ergo-d9,N/A,1.51E+05,5.99E+04,2.53E+00,33.73,27.5,2.45
G-141,Unknown,ergo,ergo-d9,N/A,1.33E+05,6.23E+04,2.14E+00,28.49,27.2,2.09
G-142,Unknown,ergo,ergo-d9,N/A,1.24E+05,6.48E+04,1.91E+00,25.43,28.0,1.82
G-143,Unknown,ergo,ergo-d9,N/A,1.24E+05,4.25E+04,2.91E+00,38.90,28.1,2.77
R-1,Unknown,ergo,ergo-d9,N/A,8.24E+04,3.88E+04,2.12E+00,28.29,26.2,2.16
R-2,Unknown,ergo,ergo-d9,N/A,9.85E+04,4.78E+04,2.06E+00,27.47,27.3,2.01
R-3,Unknown,ergo,ergo-d9,N/A,7.77E+04,4.38E+04,1.77E+00,23.61,28.9,1.63
R-4,Unknown,ergo,ergo-d9,N/A,7.58E+04,5.94E+04,1.28E+00,16.94,28.1,1.21
R-5,Unknown,ergo,ergo-d9,N/A,7.78E+04,4.64E+04,1.68E+00,22.33,25.1,1.78
R-6,Unknown,ergo,ergo-d9,N/A,1.07E+05,5.44E+04,1.97E+00,26.29,25.8,2.04
R-7,Unknown,ergo,ergo-d9,N/A,9.26E+04,5.31E+04,1.74E+00,23.21,27.3,1.70
R-8,Unknown,ergo,ergo-d9,N/A,9.04E+04,5.70E+04,1.59E+00,21.11,25.3,1.67
R-9,Unknown,ergo,ergo-d9,N/A,7.49E+04,5.64E+04,1.33E+00,17.66,25.0,1.41
R-10,Unknown,ergo,ergo-d9,N/A,7.89E+04,5.63E+04,1.40E+00,18.62,25.1,1.48
R-11,Unknown,ergo,ergo-d9,N/A,6.25E+04,5.44E+04,1.15E+00,15.24,27.1,1.12
R-12,Unknown,ergo,ergo-d9,N/A,7.09E+04,6.10E+04,1.16E+00,15.41,27.1,1.14
R-13,Unknown,ergo,ergo-d9,N/A,3.00E+05,1.79E+05,1.68E+00,22.31,25.9,1.72
R-14,Unknown,ergo,ergo-d9,N/A,4.28E+05,1.64E+05,2.62E+00,34.92,25.6,2.73
R-15,Unknown,ergo,ergo-d9,N/A,2.28E+05,1.20E+05,1.90E+00,25.29,26.0,1.95
R-16,Unknown,ergo,ergo-d9,N/A,3.25E+05,1.28E+05,2.53E+00,33.78,27.2,2.48
R-17,Unknown,ergo,ergo-d9,N/A,3.45E+05,1.51E+05,2.29E+00,30.55,25.2,2.42
R-18,Unknown,ergo,ergo-d9,N/A,2.73E+05,1.46E+05,1.87E+00,24.88,26.3,1.89
R-19,Unknown,ergo,ergo-d9,N/A,2.89E+05,1.27E+05,2.28E+00,30.38,28.7,2.12
R-20,Unknown,ergo,ergo-d9,N/A,2.67E+05,1.50E+05,1.78E+00,23.75,25.4,1.87
R-21,Unknown,ergo,ergo-d9,N/A,3.66E+05,1.30E+05,2.83E+00,37.74,27.9,2.71
R-22,Unknown,ergo,ergo-d9,N/A,3.57E+05,1.25E+05,2.87E+00,38.27,28.8,2.66
R-23,Unknown,ergo,ergo-d9,N/A,2.45E+05,1.23E+05,2.00E+00,26.67,25.4,2.10
R-24,Unknown,ergo,ergo-d9,N/A,2.43E+05,1.42E+05,1.72E+00,22.82,26.0,1.76
R-25,Unknown,ergo,ergo-d9,N/A,6.27E+05,8.54E+04,7.35E+00,98.35,26.8,7.34
R-26,Unknown,ergo,ergo-d9,N/A,1.02E+06,1.30E+05,7.86E+00,105.20,29.6,7.11
R-27,Unknown,ergo,ergo-d9,N/A,5.49E+05,9.81E+04,5.60E+00,74.87,26.1,5.74
R-28,Unknown,ergo,ergo-d9,N/A,5.42E+05,1.14E+05,4.77E+00,63.73,27.1,4.70
R-29,Unknown,ergo,ergo-d9,N/A,2.43E+05,7.30E+04,3.33E+00,44.46,27.7,3.21
R-30,Unknown,ergo,ergo-d9,N/A,1.85E+05,8.20E+04,2.25E+00,30.00,27.6,2.17
R-31,Unknown,ergo,ergo-d9,N/A,5.11E+05,1.00E+05,5.10E+00,68.16,28.5,4.78
R-32,Unknown,ergo,ergo-d9,N/A,7.38E+05,1.38E+05,5.37E+00,71.80,27.8,5.17
R-33,Unknown,ergo,ergo-d9,N/A,9.85E+05,1.72E+05,5.73E+00,76.61,26.5,5.78
R-34,Unknown,ergo,ergo-d9,N/A,6.13E+05,1.36E+05,4.53E+00,60.50,26.2,4.62
R-35,Unknown,ergo,ergo-d9,N/A,8.36E+05,2.11E+05,3.97E+00,53.06,27.8,3.82
R-36,Unknown,ergo,ergo-d9,N/A,4.68E+05,1.56E+05,3.00E+00,40.10,27.4,2.93
R-37,Unknown,ergo,ergo-d9,N/A,4.80E+04,3.31E+04,1.45E+00,19.27,27.0,1.43
R-38,Unknown,ergo,ergo-d9,N/A,4.48E+04,3.95E+04,1.13E+00,15.03,29.1,1.03
R-39,Unknown,ergo,ergo-d9,N/A,6.52E+04,5.54E+04,1.18E+00,15.60,28.3,1.10
R-40,Unknown,ergo,ergo-d9,N/A,5.08E+04,4.94E+04,1.03E+00,13.61,28.8,0.95
R-41,Unknown,ergo,ergo-d9,N/A,6.41E+04,6.83E+04,9.39E-01,12.41,28.4,0.87
R-42,Unknown,ergo,ergo-d9,N/A,4.29E+04,6.07E+04,7.07E-01,9.31,28.5,0.65
R-43,Unknown,ergo,ergo-d9,N/A,5.14E+04,5.93E+04,8.66E-01,11.43,29.0,0.79
R-44,Unknown,ergo,ergo-d9,N/A,6.02E+04,5.46E+04,1.10E+00,14.60,25.9,1.13
R-45,Unknown,ergo,ergo-d9,N/A,8.84E+04,5.01E+04,1.76E+00,23.48,28.6,1.64
R-46,Unknown,ergo,ergo-d9,N/A,1.04E+05,5.99E+04,1.74E+00,23.09,27.5,1.68
R-47,Unknown,ergo,ergo-d9,N/A,1.11E+05,6.08E+04,1.83E+00,24.30,27.2,1.79
R-48,Unknown,ergo,ergo-d9,N/A,8.72E+04,7.37E+04,1.18E+00,15.69,27.6,1.14
R-49,Unknown,ergo,ergo-d9,N/A,5.63E+05,8.06E+04,6.98E+00,93.45,27.4,6.82
R-50,Unknown,ergo,ergo-d9,N/A,3.06E+05,8.36E+04,3.66E+00,48.86,26.1,3.74
R-51,Unknown,ergo,ergo-d9,N/A,6.14E+05,1.07E+05,5.72E+00,76.52,27.7,5.52
R-52,Unknown,ergo,ergo-d9,N/A,2.61E+05,1.09E+05,2.40E+00,32.02,25.2,2.54
R-53,Unknown,ergo,ergo-d9,N/A,5.98E+05,1.08E+05,5.52E+00,73.86,26.7,5.53
R-54,Unknown,ergo,ergo-d9,N/A,3.10E+05,1.03E+05,3.01E+00,40.24,27.3,2.95
R-55,Unknown,ergo,ergo-d9,N/A,3.08E+05,1.07E+05,2.87E+00,38.24,26.6,2.88
R-56,Unknown,ergo,ergo-d9,N/A,5.31E+05,1.03E+05,5.14E+00,68.72,29.8,4.61
R-57,Unknown,ergo,ergo-d9,N/A,3.60E+05,9.38E+04,3.84E+00,51.27,27.3,3.76
R-58,Unknown,ergo,ergo-d9,N/A,2.50E+05,8.95E+04,2.79E+00,37.25,25.8,2.89
R-59,Unknown,ergo,ergo-d9,N/A,4.07E+05,9.80E+04,4.15E+00,55.51,25.7,4.32
R-60,Unknown,ergo,ergo-d9,N/A,3.27E+05,9.82E+04,3.33E+00,44.44,24.5,3.63
R-61,Unknown,ergo,ergo-d9,N/A,1.48E+06,1.48E+05,9.99E+00,133.80,26.6,10.06
R-62,Unknown,ergo,ergo-d9,N/A,8.07E+05,9.12E+04,8.85E+00,118.40,28.4,8.34
R-63,Unknown,ergo,ergo-d9,N/A,1.15E+06,1.15E+05,9.95E+00,133.20,28.7,9.28
R-64,Unknown,ergo,ergo-d9,N/A,1.13E+06,1.64E+05,6.91E+00,92.51,25.2,7.34
R-65,Unknown,ergo,ergo-d9,N/A,6.96E+05,9.75E+04,7.13E+00,95.47,28.4,6.72
R-66,Unknown,ergo,ergo-d9,N/A,8.89E+05,1.21E+05,7.34E+00,98.25,27.1,7.25
R-67,Unknown,ergo,ergo-d9,N/A,6.84E+05,9.28E+04,7.37E+00,98.67,29.2,6.76
R-68,Unknown,ergo,ergo-d9,N/A,3.82E+05,1.03E+05,3.69E+00,49.35,27.2,3.63
R-69,Unknown,ergo,ergo-d9,N/A,3.89E+05,8.42E+04,4.62E+00,61.72,26.6,4.64
R-70,Unknown,ergo,ergo-d9,N/A,4.56E+05,1.10E+05,4.15E+00,55.41,25.6,4.33
R-71,Unknown,ergo,ergo-d9,N/A,4.68E+05,1.13E+05,4.14E+00,55.30,29.2,3.79
R-72,Unknown,ergo,ergo-d9,N/A,6.38E+05,1.15E+05,5.56E+00,74.31,29.0,5.12
R-73,Unknown,ergo,ergo-d9,N/A,1.93E+05,1.15E+05,1.68E+00,22.34,29.8,1.50
R-74,Unknown,ergo,ergo-d9,N/A,1.27E+05,6.58E+04,1.93E+00,25.69,24.4,2.11
R-75,Unknown,ergo,ergo-d9,N/A,1.43E+05,7.65E+04,1.87E+00,24.96,28.3,1.76
R-76,Unknown,ergo,ergo-d9,N/A,1.54E+05,9.24E+04,1.67E+00,22.16,28.8,1.54
R-77,Unknown,ergo,ergo-d9,N/A,1.42E+05,8.17E+04,1.74E+00,23.12,25.3,1.83
R-78,Unknown,ergo,ergo-d9,N/A,1.55E+05,9.21E+04,1.69E+00,22.44,27.8,1.61
R-79,Unknown,ergo,ergo-d9,N/A,1.73E+05,9.29E+04,1.86E+00,24.78,26.5,1.87
R-80,Unknown,ergo,ergo-d9,N/A,2.02E+05,9.81E+04,2.06E+00,27.51,28.0,1.97
R-81,Unknown,ergo,ergo-d9,N/A,1.76E+05,9.63E+04,1.82E+00,24.28,28.3,1.72
R-82,Unknown,ergo,ergo-d9,N/A,2.31E+05,1.13E+05,2.05E+00,27.34,28.5,1.92
R-83,Unknown,ergo,ergo-d9,N/A,1.58E+05,1.22E+05,1.29E+00,17.14,27.4,1.25
R-84,Unknown,ergo,ergo-d9,N/A,1.37E+05,5.10E+04,2.68E+00,35.70,27.4,2.61
R-85,Unknown,ergo,ergo-d9,N/A,2.27E+05,7.92E+04,2.87E+00,38.29,29.5,2.60
R-86,Unknown,ergo,ergo-d9,N/A,1.50E+05,6.84E+04,2.19E+00,29.14,29.2,2.00
R-87,Unknown,ergo,ergo-d9,N/A,1.49E+05,7.34E+04,2.03E+00,27.07,27.2,1.99
R-88,Unknown,ergo,ergo-d9,N/A,1.67E+05,6.40E+04,2.60E+00,34.74,30.0,2.32
R-89,Unknown,ergo,ergo-d9,N/A,2.78E+05,7.84E+04,3.55E+00,47.46,24.6,3.86
R-90,Unknown,ergo,ergo-d9,N/A,1.98E+05,8.06E+04,2.45E+00,32.73,27.8,2.35
R-91,Unknown,ergo,ergo-d9,N/A,4.52E+05,9.67E+04,4.67E+00,62.44,28.2,4.43
R-92,Unknown,ergo,ergo-d9,N/A,1.99E+05,6.95E+04,2.86E+00,38.22,28.6,2.67
R-93,Unknown,ergo,ergo-d9,N/A,1.61E+05,7.98E+04,2.01E+00,26.80,28.8,1.86
R-94,Unknown,ergo,ergo-d9,N/A,6.47E+05,8.52E+04,7.59E+00,101.60,29.1,6.98
R-95,Unknown,ergo,ergo-d9,N/A,2.70E+05,8.01E+04,3.37E+00,45.03,26.8,3.36
R-96,Unknown,ergo,ergo-d9,N/A,1.90E+05,7.51E+04,2.53E+00,33.68,26.5,2.54
R-97,Unknown,ergo,ergo-d9,N/A,3.20E+05,1.14E+05,2.81E+00,37.56,24.3,3.09
R-98,Unknown,ergo,ergo-d9,N/A,2.74E+05,1.24E+05,2.21E+00,29.41,25.8,2.28
R-99,Unknown,ergo,ergo-d9,N/A,1.90E+05,1.04E+05,1.83E+00,24.39,24.0,2.03
R-100,Unknown,ergo,ergo-d9,N/A,1.53E+05,9.41E+04,1.62E+00,21.57,27.9,1.55
R-101,Unknown,ergo,ergo-d9,N/A,3.64E+05,9.71E+04,3.74E+00,50.02,25.0,4.00
R-102,Unknown,ergo,ergo-d9,N/A,2.03E+05,1.11E+05,1.83E+00,24.40,23.8,2.05
R-103,Unknown,ergo,ergo-d9,N/A,2.34E+05,9.69E+04,2.42E+00,32.25,23.8,2.71
R-104,Unknown,ergo,ergo-d9,N/A,2.35E+05,1.06E+05,2.23E+00,29.68,26.2,2.27
R-105,Unknown,ergo,ergo-d9,N/A,4.43E+05,1.23E+05,3.59E+00,47.95,18.9,5.07
R-106,Unknown,ergo,ergo-d9,N/A,2.61E+05,1.05E+05,2.50E+00,33.37,26.7,2.50
R-107,Unknown,ergo,ergo-d9,N/A,3.28E+05,1.17E+05,2.80E+00,37.43,24.7,3.03
R-108,Unknown,ergo,ergo-d9,N/A,1.44E+05,8.25E+04,1.75E+00,23.25,24.7,1.88
R-109,Unknown,ergo,ergo-d9,N/A,1.64E+05,8.96E+04,1.83E+00,24.37,24.9,1.96
R-110,Unknown,ergo,ergo-d9,N/A,1.49E+05,9.57E+04,1.56E+00,20.73,26.9,1.54
R-111,Unknown,ergo,ergo-d9,N/A,1.37E+05,9.05E+04,1.51E+00,20.05,25.0,1.60
R-112,Unknown,ergo,ergo-d9,N/A,1.47E+05,9.32E+04,1.58E+00,20.94,27.6,1.52
R-113,Unknown,ergo,ergo-d9,N/A,1.54E+05,9.28E+04,1.66E+00,22.01,28.3,1.56
R-114,Unknown,ergo,ergo-d9,N/A,1.46E+05,1.12E+05,1.31E+00,17.40,25.0,1.39
R-115,Unknown,ergo,ergo-d9,N/A,1.58E+05,1.12E+05,1.42E+00,18.80,27.4,1.37
R-116,Unknown,ergo,ergo-d9,N/A,1.92E+05,1.30E+05,1.48E+00,19.70,25.1,1.57
R-117,Unknown,ergo,ergo-d9,N/A,1.42E+05,1.06E+05,1.34E+00,17.80,23.7,1.50
R-118,Unknown,ergo,ergo-d9,N/A,1.46E+05,9.49E+04,1.54E+00,20.46,27.5,1.49
R-119,Unknown,ergo,ergo-d9,N/A,1.33E+05,9.04E+04,1.47E+00,19.59,24.9,1.57
R-120,Unknown,ergo,ergo-d9,N/A,7.01E+05,2.38E+05,2.95E+00,39.40,27.5,2.87
R-121,Unknown,ergo,ergo-d9,N/A,2.38E+05,1.01E+05,2.35E+00,31.33,28.3,2.21
R-122,Unknown,ergo,ergo-d9,N/A,2.16E+05,1.09E+05,1.99E+00,26.44,29.2,1.81
R-123,Unknown,ergo,ergo-d9,N/A,1.94E+05,7.96E+04,2.43E+00,32.42,28.3,2.29
R-124,Unknown,ergo,ergo-d9,N/A,1.25E+05,1.02E+05,1.22E+00,16.23,22.1,1.47
R-125,Unknown,ergo,ergo-d9,N/A,1.29E+05,9.13E+04,1.42E+00,18.83,25.1,1.50
R-126,Unknown,ergo,ergo-d9,N/A,1.59E+05,9.06E+04,1.75E+00,23.29,26.5,1.76
R-127,Unknown,ergo,ergo-d9,N/A,1.04E+05,6.45E+04,1.61E+00,21.39,29.0,1.48
R-128,Unknown,ergo,ergo-d9,N/A,1.25E+05,6.38E+04,1.96E+00,26.15,26.5,1.97
R-129,Unknown,ergo,ergo-d9,N/A,1.08E+05,5.84E+04,1.85E+00,24.58,28.1,1.75
R-130,Unknown,ergo,ergo-d9,N/A,1.03E+05,6.46E+04,1.59E+00,21.18,26.8,1.58
R-131,Unknown,ergo,ergo-d9,N/A,1.31E+05,6.50E+04,2.01E+00,26.78,28.9,1.85
R-133,Unknown,ergo,ergo-d9,N/A,2.41E+05,1.18E+05,2.05E+00,27.36,29.1,1.88
R-134,Unknown,ergo,ergo-d9,N/A,1.08E+05,6.88E+04,1.58E+00,20.96,27.3,1.54
R-135,Unknown,ergo,ergo-d9,N/A,1.04E+05,8.42E+04,1.23E+00,16.31,28.0,1.17
R-136,Unknown,ergo,ergo-d9,N/A,1.39E+05,1.08E+05,1.28E+00,17.05,23.9,1.43
R-137,Unknown,ergo,ergo-d9,N/A,1.04E+05,9.46E+04,1.10E+00,14.60,24.9,1.17
R-138,Unknown,ergo,ergo-d9,N/A,1.16E+05,8.58E+04,1.36E+00,18.02,25.7,1.40
R-139,Unknown,ergo,ergo-d9,N/A,1.09E+05,1.07E+05,1.03E+00,13.59,27.1,1.00
R-140,Unknown,ergo,ergo-d9,N/A,1.21E+05,1.08E+05,1.13E+00,14.97,25.8,1.16
R-141,Unknown,ergo,ergo-d9,N/A,2.08E+05,8.95E+04,2.32E+00,30.99,30.0,2.07
R-142,Unknown,ergo,ergo-d9,N/A,1.07E+05,1.17E+05,9.17E-01,12.13,28.3,0.86
R-143,Unknown,ergo,ergo-d9,N/A,7.01E+04,6.73E+04,1.04E+00,13.80,21.3,1.30
R-144,Unknown,ergo,ergo-d9,N/A,7.08E+04,8.36E+04,8.48E-01,11.19,26.4,0.85
S-1,Unknown,ergo,ergo-d9,N/A,8.71E+04,2.69E+04,3.24E+00,43.21,28.8,3.00
S-2,Unknown,ergo,ergo-d9,N/A,8.15E+04,3.15E+04,2.59E+00,34.56,26.7,2.59
S-3,Unknown,ergo,ergo-d9,N/A,8.68E+04,2.57E+04,3.38E+00,45.13,27.6,3.27
S-4,Unknown,ergo,ergo-d9,N/A,9.03E+04,4.10E+04,2.20E+00,29.32,28.1,2.09
S-5,Unknown,ergo,ergo-d9,N/A,8.71E+04,3.92E+04,2.22E+00,29.61,28.0,2.12
S-6,Unknown,ergo,ergo-d9,N/A,1.03E+05,3.73E+04,2.76E+00,36.77,28.6,2.57
S-7,Unknown,ergo,ergo-d9,N/A,7.52E+04,4.05E+04,1.86E+00,24.70,29.0,1.70
S-8,Unknown,ergo,ergo-d9,N/A,9.30E+04,4.53E+04,2.05E+00,27.36,28.4,1.93
S-9,Unknown,ergo,ergo-d9,N/A,8.96E+04,4.17E+04,2.15E+00,28.61,28.8,1.99
S-10,Unknown,ergo,ergo-d9,N/A,7.87E+04,9.12E+04,8.63E-01,11.40,26.9,0.85
S-11,Unknown,ergo,ergo-d9,N/A,6.86E+04,3.85E+04,1.78E+00,23.73,27.9,1.70
S-12,Unknown,ergo,ergo-d9,N/A,7.25E+04,4.49E+04,1.61E+00,21.46,29.0,1.48
S-13,Unknown,ergo,ergo-d9,N/A,2.09E+05,1.26E+05,1.66E+00,22.11,27.6,1.60
S-14,Unknown,ergo,ergo-d9,N/A,1.78E+05,1.55E+05,1.15E+00,15.27,28.6,1.07
S-15,Unknown,ergo,ergo-d9,N/A,1.55E+05,1.52E+05,1.02E+00,13.52,28.8,0.94
S-16,Unknown,ergo,ergo-d9,N/A,1.57E+05,1.69E+05,9.26E-01,12.25,25.4,0.96
S-17,Unknown,ergo,ergo-d9,N/A,1.61E+05,1.62E+05,9.93E-01,13.14,28.1,0.94
S-18,Unknown,ergo,ergo-d9,N/A,1.79E+05,1.60E+05,1.12E+00,14.81,27.9,1.06
S-19,Unknown,ergo,ergo-d9,N/A,1.46E+05,1.61E+05,9.08E-01,12.00,28.0,0.86
S-20,Unknown,ergo,ergo-d9,N/A,1.38E+05,1.37E+05,1.01E+00,13.33,27.6,0.97
S-21,Unknown,ergo,ergo-d9,N/A,2.71E+05,1.82E+05,1.49E+00,19.81,28.2,1.40
S-22,Unknown,ergo,ergo-d9,N/A,1.89E+05,2.14E+05,8.82E-01,11.65,27.6,0.84
S-23,Unknown,ergo,ergo-d9,N/A,2.80E+05,2.25E+05,1.25E+00,16.53,28.0,1.18
S-24,Unknown,ergo,ergo-d9,N/A,1.52E+05,2.17E+05,6.98E-01,9.19,28.4,0.65
S-25,Unknown,ergo,ergo-d9,N/A,2.19E+05,1.82E+05,1.20E+00,15.95,27.8,1.15
S-26,Unknown,ergo,ergo-d9,N/A,1.26E+05,1.72E+05,7.34E-01,9.66,28.5,0.68
S-27,Unknown,ergo,ergo-d9,N/A,1.18E+05,1.89E+05,6.22E-01,8.16,28.6,0.57
S-28,Unknown,ergo,ergo-d9,N/A,2.03E+05,1.20E+05,1.70E+00,22.63,28.2,1.60
S-29,Unknown,ergo,ergo-d9,N/A,1.22E+05,1.36E+05,8.99E-01,11.88,27.6,0.86
S-30,Unknown,ergo,ergo-d9,N/A,2.23E+05,1.58E+05,1.42E+00,18.80,28.4,1.32
S-31,Unknown,ergo,ergo-d9,N/A,2.72E+05,1.83E+05,1.48E+00,19.73,27.1,1.46
S-32,Unknown,ergo,ergo-d9,N/A,2.48E+05,1.77E+05,1.40E+00,18.59,28.3,1.31
S-33,Unknown,ergo,ergo-d9,N/A,1.03E+06,2.29E+05,4.51E+00,60.23,26.8,4.49
S-34,Unknown,ergo,ergo-d9,N/A,5.31E+05,1.92E+05,2.77E+00,36.97,27.5,2.69
S-35,Unknown,ergo,ergo-d9,N/A,2.66E+05,1.86E+05,1.43E+00,18.95,28.3,1.34
S-36,Unknown,ergo,ergo-d9,N/A,1.17E+05,1.53E+05,7.65E-01,10.09,28.6,0.71
S-37,Unknown,ergo,ergo-d9,N/A,6.64E+04,4.52E+04,1.47E+00,19.52,28.2,1.38
S-38,Unknown,ergo,ergo-d9,N/A,6.22E+04,6.46E+04,9.63E-01,12.74,27.2,0.94
S-39,Unknown,ergo,ergo-d9,N/A,6.64E+04,4.62E+04,1.44E+00,19.11,28.2,1.36
S-40,Unknown,ergo,ergo-d9,N/A,6.34E+04,5.96E+04,1.06E+00,14.09,27.8,1.01
S-41,Unknown,ergo,ergo-d9,N/A,5.81E+04,5.90E+04,9.85E-01,13.03,28.0,0.93
S-42,Unknown,ergo,ergo-d9,N/A,5.35E+04,5.90E+04,9.07E-01,11.99,28.5,0.84
S-43,Unknown,ergo,ergo-d9,N/A,4.45E+04,4.37E+04,1.02E+00,13.50,28.1,0.96
S-44,Unknown,ergo,ergo-d9,N/A,6.99E+04,5.53E+04,1.27E+00,16.79,28.4,1.18
S-45,Unknown,ergo,ergo-d9,N/A,8.24E+04,4.29E+04,1.92E+00,25.60,25.9,1.98
S-46,Unknown,ergo,ergo-d9,N/A,1.17E+05,5.12E+04,2.28E+00,30.33,26.9,2.26
S-47,Unknown,ergo,ergo-d9,N/A,1.16E+05,4.21E+04,2.75E+00,36.73,28.3,2.60
S-48,Unknown,ergo,ergo-d9,N/A,1.12E+05,3.84E+04,2.93E+00,39.07,28.2,2.77
S-49,Unknown,ergo,ergo-d9,N/A,1.20E+05,9.43E+04,1.27E+00,16.84,26.7,1.26
S-50,Unknown,ergo,ergo-d9,N/A,1.50E+05,7.84E+04,1.91E+00,25.41,28.8,1.76
S-51,Unknown,ergo,ergo-d9,N/A,1.67E+05,1.43E+05,1.16E+00,15.44,28.5,1.08
S-52,Unknown,ergo,ergo-d9,N/A,1.64E+05,1.28E+05,1.28E+00,16.96,29.0,1.17
S-53,Unknown,ergo,ergo-d9,N/A,1.76E+05,1.23E+05,1.43E+00,19.05,26.3,1.45
S-54,Unknown,ergo,ergo-d9,N/A,1.24E+05,1.29E+05,9.63E-01,12.75,27.5,0.93
S-55,Unknown,ergo,ergo-d9,N/A,1.47E+05,1.11E+05,1.32E+00,17.52,28.1,1.25
S-56,Unknown,ergo,ergo-d9,N/A,2.53E+05,9.39E+04,2.69E+00,35.93,28.8,2.50
S-57,Unknown,ergo,ergo-d9,N/A,1.74E+05,7.37E+04,2.36E+00,31.53,28.6,2.20
S-58,Unknown,ergo,ergo-d9,N/A,1.32E+05,1.17E+05,1.13E+00,14.92,26.9,1.11
S-59,Unknown,ergo,ergo-d9,N/A,1.56E+05,1.32E+05,1.18E+00,15.63,29.3,1.07
S-60,Unknown,ergo,ergo-d9,N/A,1.34E+05,1.22E+05,1.10E+00,14.58,25.5,1.14
S-61,Unknown,ergo,ergo-d9,N/A,1.26E+05,3.65E+04,3.45E+00,46.10,26.2,3.52
S-62,Unknown,ergo,ergo-d9,N/A,2.45E+05,6.39E+04,3.84E+00,51.33,26.8,3.83
S-63,Unknown,ergo,ergo-d9,N/A,1.49E+05,4.26E+04,3.51E+00,46.84,28.2,3.32
S-64,Unknown,ergo,ergo-d9,N/A,1.64E+05,7.42E+04,2.21E+00,29.44,25.8,2.28
S-65,Unknown,ergo,ergo-d9,N/A,1.70E+05,7.93E+04,2.14E+00,28.55,26.7,2.14
S-66,Unknown,ergo,ergo-d9,N/A,1.23E+05,6.99E+04,1.76E+00,23.37,26.8,1.74
S-67,Unknown,ergo,ergo-d9,N/A,1.06E+05,9.52E+04,1.12E+00,14.81,25.9,1.14
S-68,Unknown,ergo,ergo-d9,N/A,9.23E+04,7.00E+04,1.32E+00,17.51,27.9,1.26
S-69,Unknown,ergo,ergo-d9,N/A,1.07E+05,5.32E+04,2.00E+00,26.67,28.1,1.90
S-70,Unknown,ergo,ergo-d9,N/A,2.72E+05,6.88E+04,3.95E+00,52.85,28.4,3.72
S-71,Unknown,ergo,ergo-d9,N/A,1.86E+05,7.23E+04,2.58E+00,34.37,28.1,2.45
S-72,Unknown,ergo,ergo-d9,N/A,1.79E+05,1.02E+05,1.75E+00,23.27,25.6,1.82
S-73,Unknown,ergo,ergo-d9,N/A,1.65E+05,1.38E+05,1.19E+00,15.81,27.8,1.14
S-74,Unknown,ergo,ergo-d9,N/A,1.54E+05,9.67E+04,1.59E+00,21.16,27.4,1.54
S-75,Unknown,ergo,ergo-d9,N/A,1.43E+05,7.93E+04,1.81E+00,24.04,28.2,1.70
S-76,Unknown,ergo,ergo-d9,N/A,1.49E+05,8.86E+04,1.69E+00,22.44,28.0,1.60
S-77,Unknown,ergo,ergo-d9,N/A,1.39E+05,9.06E+04,1.54E+00,20.46,28.5,1.44
S-78,Unknown,ergo,ergo-d9,N/A,1.53E+05,1.02E+05,1.50E+00,19.88,27.4,1.45
S-79,Unknown,ergo,ergo-d9,N/A,1.49E+05,9.01E+04,1.66E+00,22.06,27.2,1.62
S-80,Unknown,ergo,ergo-d9,N/A,1.44E+05,1.11E+05,1.30E+00,17.23,28.7,1.20
S-81,Unknown,ergo,ergo-d9,N/A,1.47E+05,1.15E+05,1.29E+00,17.08,27.5,1.24
S-82,Unknown,ergo,ergo-d9,N/A,1.51E+05,8.92E+04,1.70E+00,22.56,27.4,1.65
S-83,Unknown,ergo,ergo-d9,N/A,1.45E+05,1.24E+05,1.17E+00,15.52,28.4,1.09
S-84,Unknown,ergo,ergo-d9,N/A,1.25E+05,9.60E+04,1.30E+00,17.28,26.4,1.31
S-85,Unknown,ergo,ergo-d9,N/A,1.34E+05,8.30E+04,1.61E+00,21.41,28.0,1.53
S-86,Unknown,ergo,ergo-d9,N/A,1.47E+05,7.30E+04,2.01E+00,26.81,26.8,2.00
S-87,Unknown,ergo,ergo-d9,N/A,1.47E+05,6.22E+04,2.37E+00,31.56,26.9,2.35
S-88,Unknown,ergo,ergo-d9,N/A,1.10E+05,5.30E+04,2.08E+00,27.65,27.0,2.05
S-89,Unknown,ergo,ergo-d9,N/A,9.31E+04,9.92E+04,9.39E-01,12.41,25.9,0.96
S-90,Unknown,ergo,ergo-d9,N/A,8.65E+04,1.03E+05,8.42E-01,11.12,27.3,0.81
S-91,Unknown,ergo,ergo-d9,N/A,1.10E+05,1.23E+05,8.95E-01,11.82,27.0,0.88
S-92,Unknown,ergo,ergo-d9,N/A,1.17E+05,9.83E+04,1.19E+00,15.80,26.6,1.19
S-93,Unknown,ergo,ergo-d9,N/A,1.32E+05,9.30E+04,1.42E+00,18.92,26.9,1.41
S-94,Unknown,ergo,ergo-d9,N/A,1.01E+05,9.33E+04,1.08E+00,14.34,28.7,1.00
S-95,Unknown,ergo,ergo-d9,N/A,9.96E+04,1.11E+05,9.00E-01,11.90,26.4,0.90
S-96,Unknown,ergo,ergo-d9,N/A,1.11E+05,1.62E+05,6.84E-01,9.01,25.2,0.71
S-97,Unknown,ergo,ergo-d9,N/A,2.56E+05,3.46E+05,7.38E-01,9.73,24.7,0.79
S-98,Unknown,ergo,ergo-d9,N/A,1.71E+05,2.60E+05,6.57E-01,8.64,24.8,0.70
S-99,Unknown,ergo,ergo-d9,N/A,2.01E+05,2.64E+05,7.63E-01,10.06,25.5,0.79
S-100,Unknown,ergo,ergo-d9,N/A,1.62E+05,2.98E+05,5.43E-01,7.11,24.4,0.58
S-101,Unknown,ergo,ergo-d9,N/A,1.65E+05,2.82E+05,5.84E-01,7.66,25.6,0.60
S-102,Unknown,ergo,ergo-d9,N/A,1.31E+05,2.70E+05,4.86E-01,6.34,25.6,0.50
S-103,Unknown,ergo,ergo-d9,N/A,1.26E+05,2.21E+05,5.70E-01,7.47,27.5,0.54
S-104,Unknown,ergo,ergo-d9,N/A,1.17E+05,2.73E+05,4.27E-01,5.56,25.0,0.44
S-105,Unknown,ergo,ergo-d9,N/A,1.43E+05,2.63E+05,5.43E-01,7.11,27.9,0.51
S-106,Unknown,ergo,ergo-d9,N/A,2.00E+05,2.35E+05,8.50E-01,11.22,25.6,0.88
S-107,Unknown,ergo,ergo-d9,N/A,1.44E+05,2.40E+05,6.01E-01,7.88,25.4,0.62
S-108,Unknown,ergo,ergo-d9,N/A,1.12E+05,1.40E+05,7.96E-01,10.51,25.8,0.81
S-109,Unknown,ergo,ergo-d9,N/A,1.24E+05,1.68E+05,7.39E-01,9.73,25.7,0.76
S-110,Unknown,ergo,ergo-d9,N/A,1.23E+05,2.19E+05,5.60E-01,7.34,23.4,0.63
S-111,Unknown,ergo,ergo-d9,N/A,1.37E+05,1.87E+05,7.31E-01,9.63,24.4,0.79
S-112,Unknown,ergo,ergo-d9,N/A,1.30E+05,1.92E+05,6.79E-01,8.93,27.0,0.66
S-113,Unknown,ergo,ergo-d9,N/A,1.11E+05,2.23E+05,4.98E-01,6.51,22.9,0.57
S-114,Unknown,ergo,ergo-d9,N/A,1.30E+05,2.19E+05,5.94E-01,7.80,26.7,0.58
S-115,Unknown,ergo,ergo-d9,N/A,1.26E+05,2.24E+05,5.63E-01,7.37,26.7,0.55
S-116,Unknown,ergo,ergo-d9,N/A,1.20E+05,2.84E+05,4.23E-01,5.50,24.7,0.45
S-117,Unknown,ergo,ergo-d9,N/A,1.05E+05,2.58E+05,4.06E-01,5.27,22.7,0.46
S-118,Unknown,ergo,ergo-d9,N/A,1.25E+05,2.31E+05,5.43E-01,7.11,25.1,0.57
S-119,Unknown,ergo,ergo-d9,N/A,1.31E+05,2.09E+05,6.29E-01,8.26,26.0,0.64
S-120,Unknown,ergo,ergo-d9,N/A,2.64E+05,3.57E+05,7.39E-01,9.73,27.9,0.70
S-121,Unknown,ergo,ergo-d9,N/A,1.94E+05,3.78E+05,5.12E-01,6.69,27.1,0.49
S-122,Unknown,ergo,ergo-d9,N/A,1.83E+05,3.40E+05,5.39E-01,7.06,26.9,0.52
S-123,Unknown,ergo,ergo-d9,N/A,2.11E+06,3.42E+05,6.16E+00,82.44,26.3,6.27
S-124,Unknown,ergo,ergo-d9,N/A,9.02E+05,3.73E+05,2.42E+00,32.21,25.7,2.51
S-125,Unknown,ergo,ergo-d9,N/A,4.24E+05,3.40E+05,1.25E+00,16.54,25.6,1.29
S-126,Unknown,ergo,ergo-d9,N/A,1.85E+05,2.98E+05,6.23E-01,8.18,25.6,0.64
S-127,Unknown,ergo,ergo-d9,N/A,2.82E+05,2.70E+05,1.05E+00,13.83,25.9,1.07
S-128,Unknown,ergo,ergo-d9,N/A,1.40E+05,2.39E+05,5.86E-01,7.69,26.3,0.58
S-129,Unknown,ergo,ergo-d9,N/A,1.46E+05,2.73E+05,5.34E-01,6.99,24.8,0.56
S-130,Unknown,ergo,ergo-d9,N/A,1.24E+05,2.61E+05,4.78E-01,6.23,25.8,0.48
S-131,Unknown,ergo,ergo-d9,N/A,1.39E+05,2.28E+05,6.11E-01,8.01,27.5,0.58
S-133,Unknown,ergo,ergo-d9,N/A,1.67E+05,2.13E+05,7.85E-01,10.35,27.5,0.75
S-134,Unknown,ergo,ergo-d9,N/A,1.21E+05,2.20E+05,5.48E-01,7.18,27.3,0.53
S-135,Unknown,ergo,ergo-d9,N/A,1.35E+05,2.01E+05,6.70E-01,8.81,26.2,0.67
S-136,Unknown,ergo,ergo-d9,N/A,2.48E+05,2.31E+05,1.07E+00,14.23,27.1,1.05
S-137,Unknown,ergo,ergo-d9,N/A,1.47E+05,2.11E+05,6.96E-01,9.16,26.8,0.68
S-138,Unknown,ergo,ergo-d9,N/A,1.22E+05,1.53E+05,7.99E-01,10.55,27.1,0.78
S-139,Unknown,ergo,ergo-d9,N/A,1.28E+05,1.64E+05,7.79E-01,10.28,26.3,0.78
S-140,Unknown,ergo,ergo-d9,N/A,3.23E+05,2.77E+05,1.17E+00,15.48,26.9,1.15
S-141,Unknown,ergo,ergo-d9,N/A,1.25E+05,2.06E+05,6.08E-01,7.98,27.0,0.59
S-142,Unknown,ergo,ergo-d9,N/A,1.09E+05,1.68E+05,6.50E-01,8.54,27.3,0.63
S-143,Unknown,ergo,ergo-d9,N/A,1.26E+05,2.11E+05,5.97E-01,7.83,27.1,0.58
S-144,Unknown,ergo,ergo-d9,N/A,1.43E+05,1.89E+05,7.59E-01,10.01,27.6,0.73
ergo std-1,Standard,ergo,ergo-d9,1,3.27E+04,9.63E+05,3.40E-02,0.28,,
ergo std-2,Standard,ergo,ergo-d9,2.5,1.16E+05,9.93E+05,1.16E-01,1.39,,
ergo std-3,Standard,ergo,ergo-d9,5,2.29E+05,7.67E+05,2.98E-01,3.82,,
ergo std-4,Standard,ergo,ergo-d9,10,5.69E+05,8.29E+05,6.86E-01,9.03,,
ergo std-5,Standard,ergo,ergo-d9,25,1.50E+06,8.57E+05,1.75E+00,23.27,,
ergo std-6,Standard,ergo,ergo-d9,50,2.83E+06,8.21E+05,3.44E+00,45.99,,
ergo std-7,Standard,ergo,ergo-d9,100,6.51E+06,8.86E+05,7.34E+00,98.29,,
ergo std-8,Standard,ergo,ergo-d9,250,8.44E+06,5.01E+05,1.68E+01,225.40,,
ergo std-9,Standard,ergo,ergo-d9,500,1.79E+07,4.74E+05,3.78E+01,507.10,,
ergo std-10,Standard,ergo,ergo-d9,1000,2.25E+07,3.12E+05,7.22E+01,968.20,,
,,,,,,,,,,
synthetic soil (blank),Unknown,ergo,ergo-d9,N/A,1.16E+06,7.77E+05,1.50E+00,19.90,22.21,1.79
synthetic soil (blank repeat),Unknown,ergo,ergo-d9,N/A,9.92E+05,7.04E+05,1.41E+00,18.73,21.00,1.78
,,,,,,,,,,
,,,,,,,,,,
,,,,,,,,,,
,,,,,,,,,,
,,,,,,,,,,
,,,,,,,,,,
,,,,,,,,,,
,,,,,,,,,,
,,,,,,,,,,
,,,,,,,,,,
,,,,,,,,,,
,,,,,,,,,,
,,,,,,,,,,
,,,,,,,,,,
,,,,,,,,,,
,,,,,,,,,,
,,,,,,,,,,
,,,,,,,,,,
,,,,,,,,,,
,,,,,,,,,,
,,,,,,,,,,
,,,,,,,,,,
,,,,,,,,,,
,,,,,,,,,,
,,,,,,,,,,
,,,,,,,,,,
,,,,,,,,,,
,,,,,,,,,,
,,,,,,,,,,
,,,,,,,,,,
,,,,,,,,,,
,,,,,,,,,,
,,,,,,,,,,
,,,,,,,,,,
,,,,,,,,,,
,,,,,,,,,,
,,,,,,,,,,
,,,,,,,,,,
,,,,,,,,,,
,,,,,,,,,,
,,,,,,,,,,
,,,,,,,,,,
,,,,,,,,,,
,,,,,,,,,,
,,,,,,,,,,
,,,,,,,,,,
,,,,,,,,,,
,,,,,,,,,,
,,,,,,,,,,
,,,,,,,,,,
,,,,,,,,,,
,,,,,,,,,,
,,,,,,,,,,
,,,,,,,,,,
,,,,,,,,,,
,,,,,,,,,,
,,,,,,,,,,
,,,,,,,,,,
,,,,,,,,,,
,,,,,,,,,,
,,,,,,,,,,
,,,,,,,,,,
,,,,,,,,,,
,,,,,,,,,,
,,,,,,,,,,
,,,,,,,,,,
,,,,,,,,,,
,,,,,,,,,,
,,,,,,,,,,
,,,,,,,,,,
,,,,,,,,,,
,,,,,,,,,,
,,,,,,,,,,
,,,,,,,,,,
,,,,,,,,,,
,,,,,,,,,,
,,,ergo-d9,,,,,,,
,,,,,,,,,,
,,,,,,,,,,
,,,,,,,,,,
,,,,,,,,,,
,,,,,,,,,,
,,,,,,,,,,
,,,,,,,,,,
,,,,,,,,,,
,,,,,,,,,,
,,,,,,,,,,
,,,,,,,,,,
,,,,,,,,,,
,,,,,,,,,,
,,,,,,,,,,
,,,,,,,,,,
,,,,,,,,,,
,,,,,,,,,,
,,,,,,,,,,
,,,,,,,,,,
,,,,,,,,,,
,,,,,,,,,,
,,,,,,,,,,
,,,,,,,,,,
,,,,,,,,,,
,,peak not great examples  ergo,,,,,,,,
,,,,,,,,,,
,,,,,,,,,,
,,,,,,,,,,
,,,,,,,,,,
,,,,,,,,,,
,,,,,,,,,,
,,,,,,,,,,
,,,,,,,,,,
,,,,,,,,,,
,,,,,,,,,,
,,,,,,,,,,
,,,,,,,,,,
,,,,,,,,,,
,,,,,,,,,,
,,,,,,,,,,
,,,,,,,,,,
,,,,,,,,,,
,,,,,,,,,,
,,,,,,,,,,
,,,,,,,,,,
,,,,,,,,,,
,,,,,,,,,,
,,,ergo-d9,,,,,,,
